165.00,"
Samsung Galaxy S6 32GB unlocked any network ***good condition in box***100% original phone***
",/p/samsung/samsung-galaxy-s6-32gb-unlocked-any-network-good-condition-in-box-100-original-phone-/1289619557
110.00,"
Apple iphone 5s 16gb unlocked any network ***Like Brandnew in box***100% original phone***
",/p/iphone/apple-iphone-5s-16gb-unlocked-any-network-like-brandnew-in-box-100-original-phone-/1289619087
180.00,"
Apple iphone 6S 16GB GOLD 4g lte unlocked phone
",/p/iphone/apple-iphone-6s-16gb-gold-4g-lte-unlocked-phone/1289618216
65.00,"
Phone
",/p/other-mobile-phones/phone/1289617880
90.00,"
New Samsung GALAXY J3 6 8GB 2016 Unlocked DUOS PHONE
",/p/samsung/new-samsung-galaxy-j3-6-8gb-2016-unlocked-duos-phone/1289617673
155.00,"
Apple iphone 6 16GB BLACK 4G LTE unlocked phone
",/p/iphone/apple-iphone-6-16gb-black-4g-lte-unlocked-phone/1289617146
60.00,"
new Samsung J1 mini prime 8gb 2016 Dual Sim Unlocked PHONE
",/p/samsung/new-samsung-j1-mini-prime-8gb-2016-dual-sim-unlocked-phone/1289616354
40.00,"
Mobil phone
",/p/other-mobile-phones/mobil-phone/1289615882
75.00,"
Brand new cubot phone
",/p/other-mobile-phones/brand-new-cubot-phone/1289615776
85.00,"
Apple iphone 5S 16GB BLACK 4G LTE unlocked phone
",/p/iphone/apple-iphone-5s-16gb-black-4g-lte-unlocked-phone/1289615336
385.00,"
IPHONE 7 128GB MATTE BLACK PRISTINE CONDITION PHONE AND CHARGER UNLOCKED
",/p/iphone/iphone-7-128gb-matte-black-pristine-condition-phone-and-charger-unlocked/1289614365
350.00,"
Iphone 7 phone (white & rose gold) 32GB
",/p/iphone/iphone-7-phone-white-rose-gold-32gb/1289608505
120.00,"
Apple iphone 6 16GB SILVER 4G LTE THREE LOCKED phone SEE DETAILS
",/p/iphone/apple-iphone-6-16gb-silver-4g-lte-three-locked-phone-see-details/1289613022
130.00,"
New Samsung GALAXY J5 PRIME 2016 16gb Unlocked phone DUOS
",/p/samsung/new-samsung-galaxy-j5-prime-2016-16gb-unlocked-phone-duos/1289612068
10.00,"
Samsung s8 plus phone covers
",/p/samsung/samsung-s8-plus-phone-covers/1289610487
10.00,"
Phone
",/p/other-mobile-phones/phone/1289607449
70.00,"
Iphone 5C Pink 16GB Unlocked to All Network Refurbished phone like brand new no scratches
",/p/iphone/iphone-5c-pink-16gb-unlocked-to-all-network-refurbished-phone-like-brand-new-no-scratches/1289604644
90.00,"
Nokia Lumia 1020 phone
",/p/nokia/nokia-lumia-1020-phone/1289601878
60.00,"
I phones 5s spairs and repair
",/p/iphone/i-phones-5s-spairs-and-repair-/1289597600
45.00,"
windows10 mobile smart phone nokia Lumia 650 4g
",/p/iphone/windows10-mobile-smart-phone-nokia-lumia-650-4g/1289596416
45.00,"
I phonee 5 s spares
",/p/iphone/i-phonee-5-s-spares/1289589973
10.00,"
boxed blackberry phone instructions and cd
",/p/other-mobile-phones/boxed-blackberry-phone-instructions-and-cd/1289589332
5.00,"
Apple Iphone 6 phone – Armour King case
",/p/iphone/apple-iphone-6-phone-armour-king-case/1289589062
1.00,"
Apple Iphone 6 phone cases – many brand new/unused
",/p/iphone/apple-iphone-6-phone-cases-many-brand-new-unused/1289588960
0.00,"
2 mobile phones
",/p/other-mobile-phones/2-mobile-phones/1289588567
350.00,"
Cat s60 Android Phone SWAP
",/p/other-mobile-phones/cat-s60-android-phone-swap/1289588149
30.00,"
Looking for cheap unlocked phone
",/p/other-mobile-phones/looking-for-cheap-unlocked-phone/1289586727
250.00,"
Blackberry keyone android phone
",/p/blackberry/blackberry-keyone-android-phone/1289585865
20.00,"
TTFone bran new phone never used, bargain see description
",/p/other-mobile-phones/ttfone-bran-new-phone-never-used-bargain-see-description-/1289583627
165.00,"
samsung S7 32gb smartphones (UK phones)
",/p/samsung/samsung-s7-32gb-smartphones-uk-phones-/1289581035
140.00,"
S6 phone
",/p/samsung/s6-phone/1289580813
1199.00,"
Better Than Encro Phone/Military Encrypted
",/p/iphone/better-than-encro-phone-military-encrypted-/1289577579
260.00,"
Oneplus 3t phone
",/p/other-mobile-phones/oneplus-3t-phone/1289575729
210.00,"
PHONE 6 PLUS 128GB Grey UNLOCKED
",/p/iphone/phone-6-plus-128gb-grey-unlocked-/1289573904
260.00,"
LG G6 UNLOCKED PHONE
",/p/lg/lg-g6-unlocked-phone/1289571953
20.00,"
X2 Nokia phones on o2.WITH CHARGER good condition. £20 FOR BOTH. NO OFFERS.CAN DELIVER
",/p/nokia/-x2-nokia-phones-on-o2.with-charger-good-condition.-£20-for-both.-no-offers.can-deliver/1289571722
75.00,"
Samsung phone
",/p/samsung/samsung-phone/1289571121
80.00,"
Joblot of 7 phones
",/p/samsung/joblot-of-7-phones/1289563730
80.00,"
Joblot lot of 7 phones for swap
",/p/samsung/joblot-lot-of-7-phones-for-swap/1289563146
110.00,"
Samsung galaxy JS smart phone
",/p/samsung/samsung-galaxy-js-smart-phone-/1289562928
25.00,"
5 mobile phones
",/p/other-mobile-phones/5-mobile-phones/1289562743
100.00,"
AllCall Rio S 4G 5.5inch IPS Screen Android 7.0 Quad-core 1.3GHz 2GB RAM 16GB ROM Unlocked Phone
",/p/other-mobile-phones/allcall-rio-s-4g-5.5inch-ips-screen-android-7.0-quad-core-1.3ghz-2gb-ram-16gb-rom-unlocked-phone/1289558930
40.00,"
Alcatel Pop 4 smart phone Brand New
",/p/other-mobile-phones/alcatel-pop-4-smart-phone-brand-new/1289557296
175.00,"
Xiaomi Mi A1 - 4GB RAM 64GB - Android One phone. Brand New
",/p/other-mobile-phones/xiaomi-mi-a1-4gb-ram-64gb-android-one-phone.-brand-new/1289555818
1199.00,"
Military Encrypted Phones / Better Than Encro
",/p/blackberry/military-encrypted-phones-better-than-encro/1289555625
10.00,"
Vodafone sim free phone
",/p/other-mobile-phones/vodafone-sim-free-phone/1289551718
20.00,"
samsung lipstick phone/mp3
",/p/samsung/samsung-lipstick-phone-mp3/1289547825
75.00,"
Stk 5c cheap phone quick sale
",/p/other-mobile-phones/stk-5c-cheap-phone-quick-sale/1289547071
499.00,"
Brand new Samsung Galaxy S8 phone, Unused in its box. Locked to Vodafone. Price negotiable
",/p/samsung/brand-new-samsung-galaxy-s8-phone-unused-in-its-box.-locked-to-vodafone.-price-negotiable/1289487190
100.00,"
£100 White iphone 5, 16GB available to buy on the 15th March, once I receive my upgrade phone.
",/p/iphone/£100-white-iphone-5-16gb-available-to-buy-on-the-15th-march-once-i-receive-my-upgrade-phone.-/1289434245
20.00,"
Alcatel Pixi 4 phone,unlocked and hardly used.
",/p/other-mobile-phones/alcatel-pixi-4-phone-unlocked-and-hardly-used./1287130624
20.00,"
Phone
",/p/other-mobile-phones/phone/1281064707
165.00,"
Samsung Galaxy S6 32GB unlocked any network ***good condition in box***100% original phone***
",/p/samsung/samsung-galaxy-s6-32gb-unlocked-any-network-good-condition-in-box-100-original-phone-/1289619557
110.00,"
Apple iphone 5s 16gb unlocked any network ***Like Brandnew in box***100% original phone***
",/p/iphone/apple-iphone-5s-16gb-unlocked-any-network-like-brandnew-in-box-100-original-phone-/1289619087
180.00,"
Apple iphone 6S 16GB GOLD 4g lte unlocked phone
",/p/iphone/apple-iphone-6s-16gb-gold-4g-lte-unlocked-phone/1289618216
65.00,"
Phone
",/p/other-mobile-phones/phone/1289617880
90.00,"
New Samsung GALAXY J3 6 8GB 2016 Unlocked DUOS PHONE
",/p/samsung/new-samsung-galaxy-j3-6-8gb-2016-unlocked-duos-phone/1289617673
155.00,"
Apple iphone 6 16GB BLACK 4G LTE unlocked phone
",/p/iphone/apple-iphone-6-16gb-black-4g-lte-unlocked-phone/1289617146
60.00,"
new Samsung J1 mini prime 8gb 2016 Dual Sim Unlocked PHONE
",/p/samsung/new-samsung-j1-mini-prime-8gb-2016-dual-sim-unlocked-phone/1289616354
40.00,"
Mobil phone
",/p/other-mobile-phones/mobil-phone/1289615882
75.00,"
Brand new cubot phone
",/p/other-mobile-phones/brand-new-cubot-phone/1289615776
85.00,"
Apple iphone 5S 16GB BLACK 4G LTE unlocked phone
",/p/iphone/apple-iphone-5s-16gb-black-4g-lte-unlocked-phone/1289615336
385.00,"
IPHONE 7 128GB MATTE BLACK PRISTINE CONDITION PHONE AND CHARGER UNLOCKED
",/p/iphone/iphone-7-128gb-matte-black-pristine-condition-phone-and-charger-unlocked/1289614365
350.00,"
Iphone 7 phone (white & rose gold) 32GB
",/p/iphone/iphone-7-phone-white-rose-gold-32gb/1289608505
120.00,"
Apple iphone 6 16GB SILVER 4G LTE THREE LOCKED phone SEE DETAILS
",/p/iphone/apple-iphone-6-16gb-silver-4g-lte-three-locked-phone-see-details/1289613022
130.00,"
New Samsung GALAXY J5 PRIME 2016 16gb Unlocked phone DUOS
",/p/samsung/new-samsung-galaxy-j5-prime-2016-16gb-unlocked-phone-duos/1289612068
10.00,"
Samsung s8 plus phone covers
",/p/samsung/samsung-s8-plus-phone-covers/1289610487
10.00,"
Phone
",/p/other-mobile-phones/phone/1289607449
70.00,"
Iphone 5C Pink 16GB Unlocked to All Network Refurbished phone like brand new no scratches
",/p/iphone/iphone-5c-pink-16gb-unlocked-to-all-network-refurbished-phone-like-brand-new-no-scratches/1289604644
90.00,"
Nokia Lumia 1020 phone
",/p/nokia/nokia-lumia-1020-phone/1289601878
60.00,"
I phones 5s spairs and repair
",/p/iphone/i-phones-5s-spairs-and-repair-/1289597600
45.00,"
windows10 mobile smart phone nokia Lumia 650 4g
",/p/iphone/windows10-mobile-smart-phone-nokia-lumia-650-4g/1289596416
45.00,"
I phonee 5 s spares
",/p/iphone/i-phonee-5-s-spares/1289589973
10.00,"
boxed blackberry phone instructions and cd
",/p/other-mobile-phones/boxed-blackberry-phone-instructions-and-cd/1289589332
5.00,"
Apple Iphone 6 phone – Armour King case
",/p/iphone/apple-iphone-6-phone-armour-king-case/1289589062
1.00,"
Apple Iphone 6 phone cases – many brand new/unused
",/p/iphone/apple-iphone-6-phone-cases-many-brand-new-unused/1289588960
0.00,"
2 mobile phones
",/p/other-mobile-phones/2-mobile-phones/1289588567
165.00,"
Samsung Galaxy S6 32GB unlocked any network ***good condition in box***100% original phone***
",/p/samsung/samsung-galaxy-s6-32gb-unlocked-any-network-good-condition-in-box-100-original-phone-/1289619557
110.00,"
Apple iphone 5s 16gb unlocked any network ***Like Brandnew in box***100% original phone***
",/p/iphone/apple-iphone-5s-16gb-unlocked-any-network-like-brandnew-in-box-100-original-phone-/1289619087
180.00,"
Apple iphone 6S 16GB GOLD 4g lte unlocked phone
",/p/iphone/apple-iphone-6s-16gb-gold-4g-lte-unlocked-phone/1289618216
65.00,"
Phone
",/p/other-mobile-phones/phone/1289617880
90.00,"
New Samsung GALAXY J3 6 8GB 2016 Unlocked DUOS PHONE
",/p/samsung/new-samsung-galaxy-j3-6-8gb-2016-unlocked-duos-phone/1289617673
155.00,"
Apple iphone 6 16GB BLACK 4G LTE unlocked phone
",/p/iphone/apple-iphone-6-16gb-black-4g-lte-unlocked-phone/1289617146
60.00,"
new Samsung J1 mini prime 8gb 2016 Dual Sim Unlocked PHONE
",/p/samsung/new-samsung-j1-mini-prime-8gb-2016-dual-sim-unlocked-phone/1289616354
40.00,"
Mobil phone
",/p/other-mobile-phones/mobil-phone/1289615882
75.00,"
Brand new cubot phone
",/p/other-mobile-phones/brand-new-cubot-phone/1289615776
85.00,"
Apple iphone 5S 16GB BLACK 4G LTE unlocked phone
",/p/iphone/apple-iphone-5s-16gb-black-4g-lte-unlocked-phone/1289615336
385.00,"
IPHONE 7 128GB MATTE BLACK PRISTINE CONDITION PHONE AND CHARGER UNLOCKED
",/p/iphone/iphone-7-128gb-matte-black-pristine-condition-phone-and-charger-unlocked/1289614365
350.00,"
Iphone 7 phone (white & rose gold) 32GB
",/p/iphone/iphone-7-phone-white-rose-gold-32gb/1289608505
120.00,"
Apple iphone 6 16GB SILVER 4G LTE THREE LOCKED phone SEE DETAILS
",/p/iphone/apple-iphone-6-16gb-silver-4g-lte-three-locked-phone-see-details/1289613022
130.00,"
New Samsung GALAXY J5 PRIME 2016 16gb Unlocked phone DUOS
",/p/samsung/new-samsung-galaxy-j5-prime-2016-16gb-unlocked-phone-duos/1289612068
10.00,"
Samsung s8 plus phone covers
",/p/samsung/samsung-s8-plus-phone-covers/1289610487
10.00,"
Phone
",/p/other-mobile-phones/phone/1289607449
70.00,"
Iphone 5C Pink 16GB Unlocked to All Network Refurbished phone like brand new no scratches
",/p/iphone/iphone-5c-pink-16gb-unlocked-to-all-network-refurbished-phone-like-brand-new-no-scratches/1289604644
90.00,"
Nokia Lumia 1020 phone
",/p/nokia/nokia-lumia-1020-phone/1289601878
60.00,"
I phones 5s spairs and repair
",/p/iphone/i-phones-5s-spairs-and-repair-/1289597600
45.00,"
windows10 mobile smart phone nokia Lumia 650 4g
",/p/iphone/windows10-mobile-smart-phone-nokia-lumia-650-4g/1289596416
45.00,"
I phonee 5 s spares
",/p/iphone/i-phonee-5-s-spares/1289589973
10.00,"
boxed blackberry phone instructions and cd
",/p/other-mobile-phones/boxed-blackberry-phone-instructions-and-cd/1289589332
5.00,"
Apple Iphone 6 phone – Armour King case
",/p/iphone/apple-iphone-6-phone-armour-king-case/1289589062
1.00,"
Apple Iphone 6 phone cases – many brand new/unused
",/p/iphone/apple-iphone-6-phone-cases-many-brand-new-unused/1289588960
0.00,"
2 mobile phones
",/p/other-mobile-phones/2-mobile-phones/1289588567
165.00,"
Samsung Galaxy S6 32GB unlocked any network ***good condition in box***100% original phone***
",/p/samsung/samsung-galaxy-s6-32gb-unlocked-any-network-good-condition-in-box-100-original-phone-/1289619557
110.00,"
Apple iphone 5s 16gb unlocked any network ***Like Brandnew in box***100% original phone***
",/p/iphone/apple-iphone-5s-16gb-unlocked-any-network-like-brandnew-in-box-100-original-phone-/1289619087
180.00,"
Apple iphone 6S 16GB GOLD 4g lte unlocked phone
",/p/iphone/apple-iphone-6s-16gb-gold-4g-lte-unlocked-phone/1289618216
65.00,"
Phone
",/p/other-mobile-phones/phone/1289617880
90.00,"
New Samsung GALAXY J3 6 8GB 2016 Unlocked DUOS PHONE
",/p/samsung/new-samsung-galaxy-j3-6-8gb-2016-unlocked-duos-phone/1289617673
155.00,"
Apple iphone 6 16GB BLACK 4G LTE unlocked phone
",/p/iphone/apple-iphone-6-16gb-black-4g-lte-unlocked-phone/1289617146
60.00,"
new Samsung J1 mini prime 8gb 2016 Dual Sim Unlocked PHONE
",/p/samsung/new-samsung-j1-mini-prime-8gb-2016-dual-sim-unlocked-phone/1289616354
40.00,"
Mobil phone
",/p/other-mobile-phones/mobil-phone/1289615882
75.00,"
Brand new cubot phone
",/p/other-mobile-phones/brand-new-cubot-phone/1289615776
85.00,"
Apple iphone 5S 16GB BLACK 4G LTE unlocked phone
",/p/iphone/apple-iphone-5s-16gb-black-4g-lte-unlocked-phone/1289615336
385.00,"
IPHONE 7 128GB MATTE BLACK PRISTINE CONDITION PHONE AND CHARGER UNLOCKED
",/p/iphone/iphone-7-128gb-matte-black-pristine-condition-phone-and-charger-unlocked/1289614365
350.00,"
Iphone 7 phone (white & rose gold) 32GB
",/p/iphone/iphone-7-phone-white-rose-gold-32gb/1289608505
120.00,"
Apple iphone 6 16GB SILVER 4G LTE THREE LOCKED phone SEE DETAILS
",/p/iphone/apple-iphone-6-16gb-silver-4g-lte-three-locked-phone-see-details/1289613022
130.00,"
New Samsung GALAXY J5 PRIME 2016 16gb Unlocked phone DUOS
",/p/samsung/new-samsung-galaxy-j5-prime-2016-16gb-unlocked-phone-duos/1289612068
10.00,"
Samsung s8 plus phone covers
",/p/samsung/samsung-s8-plus-phone-covers/1289610487
10.00,"
Phone
",/p/other-mobile-phones/phone/1289607449
70.00,"
Iphone 5C Pink 16GB Unlocked to All Network Refurbished phone like brand new no scratches
",/p/iphone/iphone-5c-pink-16gb-unlocked-to-all-network-refurbished-phone-like-brand-new-no-scratches/1289604644
90.00,"
Nokia Lumia 1020 phone
",/p/nokia/nokia-lumia-1020-phone/1289601878
60.00,"
I phones 5s spairs and repair
",/p/iphone/i-phones-5s-spairs-and-repair-/1289597600
45.00,"
windows10 mobile smart phone nokia Lumia 650 4g
",/p/iphone/windows10-mobile-smart-phone-nokia-lumia-650-4g/1289596416
45.00,"
I phonee 5 s spares
",/p/iphone/i-phonee-5-s-spares/1289589973
10.00,"
boxed blackberry phone instructions and cd
",/p/other-mobile-phones/boxed-blackberry-phone-instructions-and-cd/1289589332
5.00,"
Apple Iphone 6 phone – Armour King case
",/p/iphone/apple-iphone-6-phone-armour-king-case/1289589062
1.00,"
Apple Iphone 6 phone cases – many brand new/unused
",/p/iphone/apple-iphone-6-phone-cases-many-brand-new-unused/1289588960
0.00,"
2 mobile phones
",/p/other-mobile-phones/2-mobile-phones/1289588567
165.00,"
Samsung Galaxy S6 32GB unlocked any network ***good condition in box***100% original phone***
",/p/samsung/samsung-galaxy-s6-32gb-unlocked-any-network-good-condition-in-box-100-original-phone-/1289619557
110.00,"
Apple iphone 5s 16gb unlocked any network ***Like Brandnew in box***100% original phone***
",/p/iphone/apple-iphone-5s-16gb-unlocked-any-network-like-brandnew-in-box-100-original-phone-/1289619087
180.00,"
Apple iphone 6S 16GB GOLD 4g lte unlocked phone
",/p/iphone/apple-iphone-6s-16gb-gold-4g-lte-unlocked-phone/1289618216
65.00,"
Phone
",/p/other-mobile-phones/phone/1289617880
90.00,"
New Samsung GALAXY J3 6 8GB 2016 Unlocked DUOS PHONE
",/p/samsung/new-samsung-galaxy-j3-6-8gb-2016-unlocked-duos-phone/1289617673
155.00,"
Apple iphone 6 16GB BLACK 4G LTE unlocked phone
",/p/iphone/apple-iphone-6-16gb-black-4g-lte-unlocked-phone/1289617146
60.00,"
new Samsung J1 mini prime 8gb 2016 Dual Sim Unlocked PHONE
",/p/samsung/new-samsung-j1-mini-prime-8gb-2016-dual-sim-unlocked-phone/1289616354
40.00,"
Mobil phone
",/p/other-mobile-phones/mobil-phone/1289615882
75.00,"
Brand new cubot phone
",/p/other-mobile-phones/brand-new-cubot-phone/1289615776
85.00,"
Apple iphone 5S 16GB BLACK 4G LTE unlocked phone
",/p/iphone/apple-iphone-5s-16gb-black-4g-lte-unlocked-phone/1289615336
385.00,"
IPHONE 7 128GB MATTE BLACK PRISTINE CONDITION PHONE AND CHARGER UNLOCKED
",/p/iphone/iphone-7-128gb-matte-black-pristine-condition-phone-and-charger-unlocked/1289614365
350.00,"
Iphone 7 phone (white & rose gold) 32GB
",/p/iphone/iphone-7-phone-white-rose-gold-32gb/1289608505
120.00,"
Apple iphone 6 16GB SILVER 4G LTE THREE LOCKED phone SEE DETAILS
",/p/iphone/apple-iphone-6-16gb-silver-4g-lte-three-locked-phone-see-details/1289613022
130.00,"
New Samsung GALAXY J5 PRIME 2016 16gb Unlocked phone DUOS
",/p/samsung/new-samsung-galaxy-j5-prime-2016-16gb-unlocked-phone-duos/1289612068
10.00,"
Samsung s8 plus phone covers
",/p/samsung/samsung-s8-plus-phone-covers/1289610487
10.00,"
Phone
",/p/other-mobile-phones/phone/1289607449
70.00,"
Iphone 5C Pink 16GB Unlocked to All Network Refurbished phone like brand new no scratches
",/p/iphone/iphone-5c-pink-16gb-unlocked-to-all-network-refurbished-phone-like-brand-new-no-scratches/1289604644
90.00,"
Nokia Lumia 1020 phone
",/p/nokia/nokia-lumia-1020-phone/1289601878
60.00,"
I phones 5s spairs and repair
",/p/iphone/i-phones-5s-spairs-and-repair-/1289597600
45.00,"
windows10 mobile smart phone nokia Lumia 650 4g
",/p/iphone/windows10-mobile-smart-phone-nokia-lumia-650-4g/1289596416
45.00,"
I phonee 5 s spares
",/p/iphone/i-phonee-5-s-spares/1289589973
10.00,"
boxed blackberry phone instructions and cd
",/p/other-mobile-phones/boxed-blackberry-phone-instructions-and-cd/1289589332
5.00,"
Apple Iphone 6 phone – Armour King case
",/p/iphone/apple-iphone-6-phone-armour-king-case/1289589062
1.00,"
Apple Iphone 6 phone cases – many brand new/unused
",/p/iphone/apple-iphone-6-phone-cases-many-brand-new-unused/1289588960
0.00,"
2 mobile phones
",/p/other-mobile-phones/2-mobile-phones/1289588567
165.00,"
Samsung Galaxy S6 32GB unlocked any network ***good condition in box***100% original phone***
",/p/samsung/samsung-galaxy-s6-32gb-unlocked-any-network-good-condition-in-box-100-original-phone-/1289619557
110.00,"
Apple iphone 5s 16gb unlocked any network ***Like Brandnew in box***100% original phone***
",/p/iphone/apple-iphone-5s-16gb-unlocked-any-network-like-brandnew-in-box-100-original-phone-/1289619087
180.00,"
Apple iphone 6S 16GB GOLD 4g lte unlocked phone
",/p/iphone/apple-iphone-6s-16gb-gold-4g-lte-unlocked-phone/1289618216
65.00,"
Phone
",/p/other-mobile-phones/phone/1289617880
90.00,"
New Samsung GALAXY J3 6 8GB 2016 Unlocked DUOS PHONE
",/p/samsung/new-samsung-galaxy-j3-6-8gb-2016-unlocked-duos-phone/1289617673
155.00,"
Apple iphone 6 16GB BLACK 4G LTE unlocked phone
",/p/iphone/apple-iphone-6-16gb-black-4g-lte-unlocked-phone/1289617146
60.00,"
new Samsung J1 mini prime 8gb 2016 Dual Sim Unlocked PHONE
",/p/samsung/new-samsung-j1-mini-prime-8gb-2016-dual-sim-unlocked-phone/1289616354
40.00,"
Mobil phone
",/p/other-mobile-phones/mobil-phone/1289615882
75.00,"
Brand new cubot phone
",/p/other-mobile-phones/brand-new-cubot-phone/1289615776
85.00,"
Apple iphone 5S 16GB BLACK 4G LTE unlocked phone
",/p/iphone/apple-iphone-5s-16gb-black-4g-lte-unlocked-phone/1289615336
385.00,"
IPHONE 7 128GB MATTE BLACK PRISTINE CONDITION PHONE AND CHARGER UNLOCKED
",/p/iphone/iphone-7-128gb-matte-black-pristine-condition-phone-and-charger-unlocked/1289614365
350.00,"
Iphone 7 phone (white & rose gold) 32GB
",/p/iphone/iphone-7-phone-white-rose-gold-32gb/1289608505
120.00,"
Apple iphone 6 16GB SILVER 4G LTE THREE LOCKED phone SEE DETAILS
",/p/iphone/apple-iphone-6-16gb-silver-4g-lte-three-locked-phone-see-details/1289613022
130.00,"
New Samsung GALAXY J5 PRIME 2016 16gb Unlocked phone DUOS
",/p/samsung/new-samsung-galaxy-j5-prime-2016-16gb-unlocked-phone-duos/1289612068
10.00,"
Samsung s8 plus phone covers
",/p/samsung/samsung-s8-plus-phone-covers/1289610487
10.00,"
Phone
",/p/other-mobile-phones/phone/1289607449
70.00,"
Iphone 5C Pink 16GB Unlocked to All Network Refurbished phone like brand new no scratches
",/p/iphone/iphone-5c-pink-16gb-unlocked-to-all-network-refurbished-phone-like-brand-new-no-scratches/1289604644
90.00,"
Nokia Lumia 1020 phone
",/p/nokia/nokia-lumia-1020-phone/1289601878
60.00,"
I phones 5s spairs and repair
",/p/iphone/i-phones-5s-spairs-and-repair-/1289597600
45.00,"
windows10 mobile smart phone nokia Lumia 650 4g
",/p/iphone/windows10-mobile-smart-phone-nokia-lumia-650-4g/1289596416
45.00,"
I phonee 5 s spares
",/p/iphone/i-phonee-5-s-spares/1289589973
10.00,"
boxed blackberry phone instructions and cd
",/p/other-mobile-phones/boxed-blackberry-phone-instructions-and-cd/1289589332
5.00,"
Apple Iphone 6 phone – Armour King case
",/p/iphone/apple-iphone-6-phone-armour-king-case/1289589062
1.00,"
Apple Iphone 6 phone cases – many brand new/unused
",/p/iphone/apple-iphone-6-phone-cases-many-brand-new-unused/1289588960
0.00,"
2 mobile phones
",/p/other-mobile-phones/2-mobile-phones/1289588567
165.00,"
Samsung Galaxy S6 32GB unlocked any network ***good condition in box***100% original phone***
",/p/samsung/samsung-galaxy-s6-32gb-unlocked-any-network-good-condition-in-box-100-original-phone-/1289619557
110.00,"
Apple iphone 5s 16gb unlocked any network ***Like Brandnew in box***100% original phone***
",/p/iphone/apple-iphone-5s-16gb-unlocked-any-network-like-brandnew-in-box-100-original-phone-/1289619087
180.00,"
Apple iphone 6S 16GB GOLD 4g lte unlocked phone
",/p/iphone/apple-iphone-6s-16gb-gold-4g-lte-unlocked-phone/1289618216
65.00,"
Phone
",/p/other-mobile-phones/phone/1289617880
90.00,"
New Samsung GALAXY J3 6 8GB 2016 Unlocked DUOS PHONE
",/p/samsung/new-samsung-galaxy-j3-6-8gb-2016-unlocked-duos-phone/1289617673
155.00,"
Apple iphone 6 16GB BLACK 4G LTE unlocked phone
",/p/iphone/apple-iphone-6-16gb-black-4g-lte-unlocked-phone/1289617146
60.00,"
new Samsung J1 mini prime 8gb 2016 Dual Sim Unlocked PHONE
",/p/samsung/new-samsung-j1-mini-prime-8gb-2016-dual-sim-unlocked-phone/1289616354
40.00,"
Mobil phone
",/p/other-mobile-phones/mobil-phone/1289615882
75.00,"
Brand new cubot phone
",/p/other-mobile-phones/brand-new-cubot-phone/1289615776
85.00,"
Apple iphone 5S 16GB BLACK 4G LTE unlocked phone
",/p/iphone/apple-iphone-5s-16gb-black-4g-lte-unlocked-phone/1289615336
385.00,"
IPHONE 7 128GB MATTE BLACK PRISTINE CONDITION PHONE AND CHARGER UNLOCKED
",/p/iphone/iphone-7-128gb-matte-black-pristine-condition-phone-and-charger-unlocked/1289614365
350.00,"
Iphone 7 phone (white & rose gold) 32GB
",/p/iphone/iphone-7-phone-white-rose-gold-32gb/1289608505
120.00,"
Apple iphone 6 16GB SILVER 4G LTE THREE LOCKED phone SEE DETAILS
",/p/iphone/apple-iphone-6-16gb-silver-4g-lte-three-locked-phone-see-details/1289613022
130.00,"
New Samsung GALAXY J5 PRIME 2016 16gb Unlocked phone DUOS
",/p/samsung/new-samsung-galaxy-j5-prime-2016-16gb-unlocked-phone-duos/1289612068
10.00,"
Samsung s8 plus phone covers
",/p/samsung/samsung-s8-plus-phone-covers/1289610487
10.00,"
Phone
",/p/other-mobile-phones/phone/1289607449
70.00,"
Iphone 5C Pink 16GB Unlocked to All Network Refurbished phone like brand new no scratches
",/p/iphone/iphone-5c-pink-16gb-unlocked-to-all-network-refurbished-phone-like-brand-new-no-scratches/1289604644
90.00,"
Nokia Lumia 1020 phone
",/p/nokia/nokia-lumia-1020-phone/1289601878
60.00,"
I phones 5s spairs and repair
",/p/iphone/i-phones-5s-spairs-and-repair-/1289597600
45.00,"
windows10 mobile smart phone nokia Lumia 650 4g
",/p/iphone/windows10-mobile-smart-phone-nokia-lumia-650-4g/1289596416
45.00,"
I phonee 5 s spares
",/p/iphone/i-phonee-5-s-spares/1289589973
10.00,"
boxed blackberry phone instructions and cd
",/p/other-mobile-phones/boxed-blackberry-phone-instructions-and-cd/1289589332
5.00,"
Apple Iphone 6 phone – Armour King case
",/p/iphone/apple-iphone-6-phone-armour-king-case/1289589062
1.00,"
Apple Iphone 6 phone cases – many brand new/unused
",/p/iphone/apple-iphone-6-phone-cases-many-brand-new-unused/1289588960
0.00,"
2 mobile phones
",/p/other-mobile-phones/2-mobile-phones/1289588567
